﻿<?xml version="1.0" encoding="utf-8"?>
<Package xmlns="http://schemas.microsoft.com/appx/manifest/foundation/windows10" xmlns:mp="http://schemas.microsoft.com/appx/2014/phone/manifest" xmlns:uap="http://schemas.microsoft.com/appx/manifest/uap/windows10" xmlns:rescap="http://schemas.microsoft.com/appx/manifest/foundation/windows10/restrictedcapabilities" IgnorableNamespaces="uap rescap build" xmlns:build="http://schemas.microsoft.com/developer/appx/2015/build">
  <!--
    THIS PACKAGE MANIFEST FILE IS GENERATED BY THE BUILD PROCESS.

    Changes to this file will be lost when it is regenerated. To correct errors in this file, edit the source .appxmanifest file.

    For more information on package manifest files, see http://go.microsoft.com/fwlink/?LinkID=241727
  -->
  <Identity Name="248304f3-0ab8-48e8-b42b-bb80108d3014" Publisher="CN=dinis" Version="1.0.0.0" ProcessorArchitecture="x64" />
  <mp:PhoneIdentity PhoneProductId="248304f3-0ab8-48e8-b42b-bb80108d3014" PhonePublisherId="00000000-0000-0000-0000-000000000000" />
  <Properties>
    <DisplayName>CompanionDisplayWinUI</DisplayName>
    <PublisherDisplayName>dinis</PublisherDisplayName>
    <Logo>Assets\StoreLogo.png</Logo>
  </Properties>
  <Dependencies>
    <TargetDeviceFamily Name="Windows.Universal" MinVersion="10.0.17763.0" MaxVersionTested="10.0.19041.0" />
    <TargetDeviceFamily Name="Windows.Desktop" MinVersion="10.0.17763.0" MaxVersionTested="10.0.19041.0" />
  </Dependencies>
  <Resources>
    <Resource Language="EN-US" />
    <Resource Language="EN" />
    <Resource Language="AR" />
    <Resource Language="AS" />
    <Resource Language="BE" />
    <Resource Language="BG" />
    <Resource Language="BN" />
    <Resource Language="BS" />
    <Resource Language="CA" />
    <Resource Language="CS" />
    <Resource Language="CY" />
    <Resource Language="DA" />
    <Resource Language="DE" />
    <Resource Language="EL" />
    <Resource Language="EO" />
    <Resource Language="ES" />
    <Resource Language="ET" />
    <Resource Language="EU" />
    <Resource Language="FA" />
    <Resource Language="FI" />
    <Resource Language="FIL" />
    <Resource Language="FR" />
    <Resource Language="FY" />
    <Resource Language="GL" />
    <Resource Language="GU" />
    <Resource Language="HE" />
    <Resource Language="HI" />
    <Resource Language="HR" />
    <Resource Language="HU" />
    <Resource Language="HY" />
    <Resource Language="ID" />
    <Resource Language="IT" />
    <Resource Language="JA" />
    <Resource Language="KA" />
    <Resource Language="KK" />
    <Resource Language="KN" />
    <Resource Language="KO" />
    <Resource Language="LT" />
    <Resource Language="LV" />
    <Resource Language="MK" />
    <Resource Language="ML" />
    <Resource Language="MR" />
    <Resource Language="MS" />
    <Resource Language="NB" />
    <Resource Language="NL" />
    <Resource Language="NO" />
    <Resource Language="PA" />
    <Resource Language="PL" />
    <Resource Language="PT" />
    <Resource Language="RO" />
    <Resource Language="RU" />
    <Resource Language="SI" />
    <Resource Language="SK" />
    <Resource Language="SL" />
    <Resource Language="SO" />
    <Resource Language="SQ" />
    <Resource Language="SV" />
    <Resource Language="SW" />
    <Resource Language="TA" />
    <Resource Language="TE" />
    <Resource Language="TH" />
    <Resource Language="TR" />
    <Resource Language="UK" />
    <Resource Language="UR" />
    <Resource Language="VI" />
  </Resources>
  <Applications>
    <Application Id="App" Executable="CompanionDisplayWinUI.exe" EntryPoint="Windows.FullTrustApplication">
      <uap:VisualElements DisplayName="CompanionDisplayWinUI" Description="CompanionDisplayWinUI" BackgroundColor="transparent" Square150x150Logo="Assets\Square150x150Logo.png" Square44x44Logo="Assets\Square44x44Logo.png">
        <uap:DefaultTile Wide310x150Logo="Assets\Wide310x150Logo.png" />
        <uap:SplashScreen Image="Assets\SplashScreen.png" />
      </uap:VisualElements>
    </Application>
  </Applications>
  <Capabilities>
    <rescap:Capability Name="runFullTrust" />
  </Capabilities>
  <build:Metadata>
    <build:Item Name="Microsoft.UI.Xaml.Markup.Compiler.dll" Version="3.0.0.2406" />
    <build:Item Name="makepri.exe" Version="10.0.26100.1 (WinBuild.160101.0800)" />
  </build:Metadata>
</Package>